{"kmeans6": [[51.52073910847446, -0.12504938284433742], [51.50823072330512, 0.12233811627917159], [51.49268899091438, -0.3842126962354037], [51.40195349202786, -0.11304503946946151], [51.53174638536318, -0.24176509026113452], [51.54849081062524, -0.02718413856643458]], "kmeans4": [[51.49459100846792, -0.34894468938680084], [51.461561094764164, -0.14058931336881725], [51.502947765876556, 0.07351817139432355], [51.55821062479352, -0.11457307480600638]], "kmeans5": [[51.54043705676015, -0.05204892532074535], [51.506602885859444, -0.35837481707734437], [51.50522281252161, 0.10683165545035331], [51.407044002734985, -0.12405328515681857], [51.52654437736781, -0.16389376445471263]], "kmeans2": [[51.49798464581129, -0.22604719099682163], [51.51452153670073, -0.0031572321751874442]], "kmeans3": [[51.509562044784, 0.07518480564888376], [51.50459327508195, -0.1182607092403035], [51.50925378921849, -0.3360765230449672]]}

​